,source,target
0,1472558789698019330,1424433180753371139
1,1472558789698019330,1249343092957655042
2,1472558789698019330,1477144962286243849
3,1472558789698019330,1196316777279393792
4,1472558789698019330,1184475769482825728
5,1472558789698019330,1344738920
6,1472558789698019330,1133076940842102784
7,1472558789698019330,1284839845861273602
8,1472558789698019330,1497605466968723504
9,1472558789698019330,1497823537679114241
10,1472558789698019330,958759926549147649
11,1472558789698019330,1429603854
12,1472558789698019330,848901692091506688
13,1472558789698019330,1317498004199256064
14,1472558789698019330,1277807884861009921
15,1472558789698019330,1253945298461708291
16,1472558789698019330,2228020669
17,1472558789698019330,1483029280699588608
18,1472558789698019330,1489178779738013698
19,1472558789698019330,2872401203
20,1472558789698019330,1468957860
21,1472558789698019330,1246014522537603072
22,1472558789698019330,771622961153396736
23,1472558789698019330,1004642350553968640
24,1472558789698019330,746327100257271816
25,1472558789698019330,3274985820
26,1472558789698019330,1071853071142141952
27,1472558789698019330,1287594949228150784
28,1472558789698019330,1192409641273065473
29,1472558789698019330,473729548
30,1472558789698019330,1000797725917499393
31,1472558789698019330,1247213980797427724
32,1472558789698019330,1278655748768063490
33,1472558789698019330,883720758723092480
34,1472558789698019330,902853369332547585
35,1472558789698019330,1473893833461043203
36,1472558789698019330,1249295950549401600
37,1472558789698019330,705763745079791617
38,1472558789698019330,1382680394349236228
39,1472558789698019330,1460180698556297221
40,1472558789698019330,1475691974845886464
41,1472558789698019330,3034153315
42,1472558789698019330,1351451066622119937
43,1472558789698019330,3220242762
44,1472558789698019330,1357736121535397888
45,1472558789698019330,1150712699505897473
46,1472558789698019330,725384293766291456
47,1472558789698019330,1355748483127369730
48,1472558789698019330,850556860411269121
49,1472558789698019330,1303161128873156608
50,1472558789698019330,1273713079587463173
51,1472558789698019330,1280037324504526848
52,1472558789698019330,1248995104817324034
53,1472558789698019330,802416910813933568
54,1472558789698019330,1428587673116037121
55,1472558789698019330,721713204980817927
56,1472558789698019330,1277637088842784769
57,1472558789698019330,2469365941
58,1472558789698019330,1366336069319335943
59,1472558789698019330,1098839084162789376
60,1472558789698019330,780439554784366592
61,1472558789698019330,860040731674775552
62,1472558789698019330,1289636412921229312
63,1472558789698019330,1305910070782251009
64,1472558789698019330,1471504126890557446
65,1472558789698019330,1168038336541286400
66,1472558789698019330,3274572859
67,1472558789698019330,1403983669908303874
68,1472558789698019330,1436187424506277898
74,1424433180753371139,1483029280699588608
76,1424433180753371139,1460180698556297221
77,1424433180753371139,1382680394349236228
81,1424433180753371139,1249295950549401600
90,1424433180753371139,1098839084162789376
113,1249343092957655042,1472558789698019330
118,1249343092957655042,860040731674775552
119,1249343092957655042,1150712699505897473
120,1249343092957655042,745566943080394752
128,1249343092957655042,1436187424506277898
151,1477144962286243849,1305910070782251009
152,1477144962286243849,1471504126890557446
154,1477144962286243849,1472558789698019330
155,1477144962286243849,1366336069319335943
157,1477144962286243849,1355748483127369730
159,1477144962286243849,780439554784366592
160,1477144962286243849,1429603854
161,1477144962286243849,2469365941
164,1196316777279393792,1436187424506277898
165,1196316777279393792,1472558789698019330
166,1196316777279393792,1489178779738013698
168,1196316777279393792,860040731674775552
170,1196316777279393792,1475691974845886464
172,1196316777279393792,725384293766291456
186,1184475769482825728,3220242762
187,1184475769482825728,1468957860
188,1184475769482825728,3274985820
189,1184475769482825728,1472558789698019330
190,1184475769482825728,3034153315
191,1184475769482825728,1429603854
192,1184475769482825728,1497605466968723504
194,1184475769482825728,705763745079791617
195,1184475769482825728,780439554784366592
197,1184475769482825728,1471504126890557446
198,1184475769482825728,1150712699505897473
199,1184475769482825728,902853369332547585
200,1184475769482825728,2469365941
207,1344738920,771622961153396736
208,1344738920,1280037324504526848
212,1344738920,1284839845861273602
213,1344738920,1472558789698019330
214,1344738920,1497605466968723504
216,1344738920,1429603854
219,1344738920,1317498004199256064
222,1344738920,780439554784366592
224,1344738920,1428587673116037121
225,1344738920,802416910813933568
227,1344738920,1468957860
228,1344738920,705763745079791617
229,1344738920,1247213980797427724
230,1344738920,1475691974845886464
231,1344738920,746327100257271816
232,1344738920,831682449864286208
233,1344738920,1242738027249586176
235,1344738920,1460180698556297221
236,1344738920,3221574320
237,1344738920,1277807884861009921
240,1344738920,1273713079587463173
242,1344738920,1251386586383527936
245,1344738920,1357736121535397888
246,1344738920,860040731674775552
247,1344738920,2872401203
248,1344738920,3220242762
250,1344738920,1071853071142141952
251,1344738920,721713204980817927
252,1344738920,1150712699505897473
254,1344738920,3320026471
255,1344738920,1305910070782251009
256,1344738920,473729548
260,1344738920,850556860411269121
262,1344738920,1436187424506277898
264,1344738920,1098839084162789376
265,1344738920,1248995104817324034
266,1344738920,902853369332547585
269,1344738920,1366336069319335943
271,1344738920,1355748483127369730
272,1344738920,2469365941
282,1133076940842102784,1300814862130360320
284,1133076940842102784,705763745079791617
286,1133076940842102784,1403983669908303874
287,1133076940842102784,1475691974845886464
288,1133076940842102784,3221574320
289,1133076940842102784,1471504126890557446
290,1133076940842102784,1497823537679114241
291,1133076940842102784,958759926549147649
292,1133076940842102784,780439554784366592
293,1133076940842102784,860040731674775552
294,1133076940842102784,1305910070782251009
295,1133076940842102784,1429603854
296,1133076940842102784,1248995104817324034
298,1133076940842102784,1428587673116037121
300,1133076940842102784,1497605466968723504
301,1133076940842102784,725384293766291456
302,1133076940842102784,2469365941
303,1133076940842102784,1284839845861273602
304,1133076940842102784,1355748483127369730
305,1133076940842102784,1472558789698019330
306,1133076940842102784,1436187424506277898
308,1284839845861273602,746327100257271816
310,1284839845861273602,802416910813933568
311,1284839845861273602,1277637088842784769
312,1284839845861273602,1429603854
313,1284839845861273602,1344738920
314,1284839845861273602,1133076940842102784
315,1284839845861273602,958759926549147649
316,1284839845861273602,1280037324504526848
317,1284839845861273602,1472558789698019330
318,1284839845861273602,1497605466968723504
320,1284839845861273602,1150712699505897473
321,1284839845861273602,1475691974845886464
323,1284839845861273602,1248995104817324034
326,1284839845861273602,1357736121535397888
330,1284839845861273602,850556860411269121
332,1284839845861273602,780439554784366592
333,1284839845861273602,3274985820
334,1284839845861273602,860040731674775552
337,1284839845861273602,3034153315
338,1284839845861273602,1403983669908303874
340,1284839845861273602,1300814862130360320
341,1284839845861273602,2872401203
342,1284839845861273602,834992149758255104
343,1284839845861273602,705763745079791617
344,1284839845861273602,3220242762
345,1284839845861273602,725384293766291456
348,1284839845861273602,2469365941
349,1284839845861273602,3274572859
350,1284839845861273602,1428587673116037121
351,1284839845861273602,1436187424506277898
352,1284839845861273602,1305910070782251009
355,1284839845861273602,1251386586383527936
357,1497605466968723504,1473893833461043203
361,1497605466968723504,1489178779738013698
366,1497605466968723504,1242738027249586176
367,1497605466968723504,834992149758255104
369,1497605466968723504,802416910813933568
370,1497605466968723504,3320026471
371,1497605466968723504,1477144962286243849
372,1497605466968723504,2838973913
374,1497605466968723504,1460180698556297221
375,1497605466968723504,1280037324504526848
376,1497605466968723504,1357736121535397888
377,1497605466968723504,850556860411269121
378,1497605466968723504,831682449864286208
379,1497605466968723504,1133076940842102784
380,1497605466968723504,1071853071142141952
381,1497605466968723504,746327100257271816
383,1497605466968723504,1253945298461708291
384,1497605466968723504,1497823537679114241
385,1497605466968723504,2872401203
386,1497605466968723504,1248995104817324034
389,1497605466968723504,1344738920
390,1497605466968723504,725384293766291456
391,1497605466968723504,1403983669908303874
392,1497605466968723504,1428587673116037121
394,1497605466968723504,1472558789698019330
395,1497605466968723504,1355748483127369730
396,1497605466968723504,3220242762
397,1497605466968723504,883720758723092480
398,1497605466968723504,1300814862130360320
399,1497605466968723504,1150712699505897473
400,1497605466968723504,1284839845861273602
406,1497605466968723504,1305910070782251009
407,1497605466968723504,860040731674775552
408,1497605466968723504,958759926549147649
409,1497605466968723504,3274985820
410,1497605466968723504,705763745079791617
411,1497605466968723504,1436187424506277898
412,1497605466968723504,3034153315
414,1497605466968723504,1184475769482825728
416,1497605466968723504,2469365941
417,1497605466968723504,1429603854
418,1497605466968723504,780439554784366592
419,1497605466968723504,1475691974845886464
420,1497605466968723504,1471504126890557446
422,1497823537679114241,1473893833461043203
424,1497823537679114241,1305910070782251009
425,1497823537679114241,1429603854
427,1497823537679114241,1248995104817324034
432,1497823537679114241,1133076940842102784
435,1497823537679114241,834992149758255104
436,1497823537679114241,1098839084162789376
437,1497823537679114241,1242738027249586176
438,1497823537679114241,1300814862130360320
441,1497823537679114241,3034153315
445,1497823537679114241,1497605466968723504
446,1497823537679114241,958759926549147649
451,1497823537679114241,1460180698556297221
452,1497823537679114241,1168038336541286400
454,1497823537679114241,1366336069319335943
456,1497823537679114241,902853369332547585
457,1497823537679114241,1192409641273065473
458,1497823537679114241,2228020669
459,1497823537679114241,1428587673116037121
460,1497823537679114241,1436187424506277898
461,1497823537679114241,1472558789698019330
464,1497823537679114241,831682449864286208
465,1497823537679114241,3274572859
466,1497823537679114241,2469365941
468,1497823537679114241,1471504126890557446
469,1497823537679114241,1280037324504526848
472,958759926549147649,1382680394349236228
473,958759926549147649,1287594949228150784
474,958759926549147649,1460180698556297221
475,958759926549147649,1468957860
478,958759926549147649,1303161128873156608
479,958759926549147649,3274985820
481,958759926549147649,1355748483127369730
482,958759926549147649,1477144962286243849
484,958759926549147649,1280037324504526848
486,958759926549147649,1366336069319335943
489,958759926549147649,2876732521
494,958759926549147649,795674214690918400
495,958759926549147649,1284839845861273602
496,958759926549147649,3221574320
497,958759926549147649,1247213980797427724
499,958759926549147649,1133076940842102784
501,958759926549147649,1317498004199256064
503,958759926549147649,883720758723092480
505,958759926549147649,1300814862130360320
506,958759926549147649,1475691974845886464
508,958759926549147649,831682449864286208
509,958759926549147649,1305910070782251009
510,958759926549147649,1428587673116037121
511,958759926549147649,3274572859
513,958759926549147649,3034153315
514,958759926549147649,1429603854
515,958759926549147649,1497605466968723504
516,958759926549147649,1497823537679114241
517,958759926549147649,1472558789698019330
519,958759926549147649,860040731674775552
520,958759926549147649,1098839084162789376
521,958759926549147649,1150712699505897473
522,958759926549147649,746327100257271816
523,958759926549147649,3220242762
524,958759926549147649,705763745079791617
526,958759926549147649,1357736121535397888
527,958759926549147649,771622961153396736
528,958759926549147649,1403983669908303874
529,958759926549147649,1248995104817324034
530,958759926549147649,1071853071142141952
531,958759926549147649,902853369332547585
533,958759926549147649,1471504126890557446
537,958759926549147649,1273713079587463173
538,958759926549147649,2872401203
539,958759926549147649,780439554784366592
540,958759926549147649,2469365941
544,958759926549147649,1436187424506277898
547,958759926549147649,850556860411269121
552,1429603854,1436187424506277898
554,1429603854,1357736121535397888
556,1429603854,1473893833461043203
557,1429603854,3274985820
558,1429603854,1317498004199256064
559,1429603854,2876732521
560,1429603854,1251386586383527936
564,1429603854,1497823537679114241
567,1429603854,2872401203
568,1429603854,1460180698556297221
569,1429603854,1071853071142141952
570,1429603854,1278655748768063490
571,1429603854,1477144962286243849
572,1429603854,1428587673116037121
573,1429603854,1253945298461708291
575,1429603854,1305910070782251009
578,1429603854,1468957860
582,1429603854,1277835126236274688
584,1429603854,1133076940842102784
585,1429603854,1242738027249586176
586,1429603854,3220242762
587,1429603854,958759926549147649
588,1429603854,3034153315
591,1429603854,1184475769482825728
592,1429603854,1497605466968723504
593,1429603854,1475691974845886464
594,1429603854,850556860411269121
595,1429603854,1280037324504526848
596,1429603854,746327100257271816
597,1429603854,1098839084162789376
598,1429603854,1351451066622119937
599,1429603854,1248995104817324034
600,1429603854,3320026471
601,1429603854,860040731674775552
602,1429603854,1277637088842784769
603,1429603854,1472558789698019330
604,1429603854,1471504126890557446
605,1429603854,1168038336541286400
606,1429603854,725384293766291456
609,1429603854,780439554784366592
610,1429603854,834992149758255104
611,1429603854,2469365941
612,1429603854,473729548
613,1429603854,1403983669908303874
614,1429603854,1150712699505897473
615,848901692091506688,1472558789698019330
619,848901692091506688,1168038336541286400
633,1317498004199256064,1436187424506277898
635,1317498004199256064,1305910070782251009
636,1317498004199256064,2838973913
637,1317498004199256064,1098839084162789376
638,1317498004199256064,2872401203
639,1317498004199256064,3220242762
646,1317498004199256064,902853369332547585
647,1317498004199256064,1468957860
648,1317498004199256064,1248995104817324034
649,1317498004199256064,958759926549147649
650,1317498004199256064,1403983669908303874
651,1317498004199256064,780439554784366592
652,1317498004199256064,1472558789698019330
654,1317498004199256064,850556860411269121
655,1317498004199256064,860040731674775552
656,1317498004199256064,746327100257271816
657,1317498004199256064,1071853071142141952
663,1317498004199256064,705763745079791617
664,1317498004199256064,771622961153396736
665,1317498004199256064,1273713079587463173
667,1317498004199256064,1247213980797427724
668,1317498004199256064,1344738920
669,1317498004199256064,725384293766291456
670,1317498004199256064,1150712699505897473
672,1277807884861009921,958759926549147649
673,1277807884861009921,2872401203
676,1277807884861009921,1497823537679114241
678,1277807884861009921,1249295950549401600
680,1277807884861009921,1472558789698019330
681,1277807884861009921,1436187424506277898
682,1277807884861009921,1242738027249586176
685,1277807884861009921,705763745079791617
686,1277807884861009921,831682449864286208
687,1277807884861009921,1344738920
688,1277807884861009921,1071853071142141952
692,1277807884861009921,883720758723092480
695,1277807884861009921,1150712699505897473
699,1277807884861009921,2469365941
700,1277807884861009921,1357736121535397888
704,1277807884861009921,780439554784366592
706,1277807884861009921,3320026471
707,1277807884861009921,1248995104817324034
708,1277807884861009921,1366336069319335943
712,1277807884861009921,902853369332547585
713,1277807884861009921,721713204980817927
724,1277807884861009921,1280037324504526848
730,1277807884861009921,1192409641273065473
732,1277807884861009921,1253945298461708291
737,1253945298461708291,1473893833461043203
738,1253945298461708291,1471504126890557446
739,1253945298461708291,1150712699505897473
740,1253945298461708291,1497823537679114241
743,1253945298461708291,1429603854
744,1253945298461708291,1133076940842102784
745,1253945298461708291,1497605466968723504
746,1253945298461708291,1436187424506277898
747,1253945298461708291,1472558789698019330
752,1253945298461708291,1289636412921229312
757,1253945298461708291,1300814862130360320
782,1253945298461708291,1277807884861009921
790,1253945298461708291,1000797725917499393
792,1253945298461708291,725384293766291456
793,1253945298461708291,1192409641273065473
797,1253945298461708291,1168038336541286400
805,1253945298461708291,1242738027249586176
817,1253945298461708291,1280037324504526848
819,1253945298461708291,473729548
825,1253945298461708291,802416910813933568
829,1253945298461708291,3274985820
830,1253945298461708291,780439554784366592
831,1253945298461708291,3034153315
836,1253945298461708291,834992149758255104
842,2228020669,1278655748768063490
843,2228020669,1497823537679114241
846,2228020669,1472558789698019330
847,2228020669,850556860411269121
850,2228020669,1351451066622119937
852,2228020669,473729548
857,2228020669,1277835126236274688
858,2228020669,1355748483127369730
859,2228020669,1248995104817324034
860,2228020669,1366336069319335943
862,2228020669,795674214690918400
932,1483029280699588608,1424433180753371139
935,1483029280699588608,1150712699505897473
939,1483029280699588608,1280037324504526848
946,1483029280699588608,1382680394349236228
948,1483029280699588608,473729548
949,1483029280699588608,850556860411269121
951,1483029280699588608,705763745079791617
952,1483029280699588608,1287594949228150784
956,1483029280699588608,771622961153396736
972,1489178779738013698,1473893833461043203
973,1489178779738013698,3320026471
974,1489178779738013698,1247213980797427724
975,1489178779738013698,3274985820
976,1489178779738013698,834992149758255104
978,1489178779738013698,1497605466968723504
979,1489178779738013698,1436187424506277898
980,1489178779738013698,1196316777279393792
984,1489178779738013698,1289636412921229312
985,1489178779738013698,1428587673116037121
986,1489178779738013698,1000797725917499393
987,1489178779738013698,1242738027249586176
989,1489178779738013698,3220242762
992,1489178779738013698,1280037324504526848
993,1489178779738013698,1303161128873156608
995,1489178779738013698,1472558789698019330
996,2872401203,1287594949228150784
997,2872401203,1477144962286243849
999,2872401203,2876732521
1002,2872401203,1277637088842784769
1003,2872401203,745566943080394752
1007,2872401203,1133076940842102784
1008,2872401203,883720758723092480
1009,2872401203,1497823537679114241
1010,2872401203,1497605466968723504
1012,2872401203,1429603854
1013,2872401203,1277807884861009921
1014,2872401203,1317498004199256064
1016,2872401203,958759926549147649
1018,2872401203,1483029280699588608
1021,2872401203,1249343092957655042
1023,2872401203,1475691974845886464
1026,2872401203,1249295950549401600
1031,2872401203,795674214690918400
1032,2872401203,1242738027249586176
1033,2872401203,1472558789698019330
1036,2872401203,1382680394349236228
1038,2872401203,1471504126890557446
1042,2872401203,831682449864286208
1046,2872401203,1247213980797427724
1051,2872401203,1460180698556297221
1056,2872401203,3220242762
1058,2872401203,860040731674775552
1061,2872401203,1284839845861273602
1065,2872401203,2838973913
1066,2872401203,1098839084162789376
1069,2872401203,1305910070782251009
1071,2872401203,1071853071142141952
1072,2872401203,473729548
1073,2872401203,3320026471
1079,2872401203,1184475769482825728
1083,2872401203,1248995104817324034
1087,2872401203,1277835126236274688
1088,2872401203,902853369332547585
1091,2872401203,802416910813933568
1092,2872401203,1436187424506277898
1094,2872401203,1357736121535397888
1095,2872401203,1366336069319335943
1096,2872401203,1280037324504526848
1100,2872401203,1344738920
1101,2872401203,2469365941
1102,2872401203,1403983669908303874
1107,2872401203,850556860411269121
1110,2872401203,1300814862130360320
1111,2872401203,3274985820
1112,2872401203,780439554784366592
1113,2872401203,1355748483127369730
1116,2872401203,3034153315
1117,2872401203,705763745079791617
1118,2872401203,1273713079587463173
1135,2872401203,1468957860
1136,2872401203,1150712699505897473
1140,2872401203,1004642350553968640
1150,2872401203,746327100257271816
1154,2872401203,725384293766291456
1186,1468957860,1287594949228150784
1188,1468957860,1184475769482825728
1189,1468957860,958759926549147649
1190,1468957860,3220242762
1196,1468957860,1429603854
1197,1468957860,2838973913
1199,1468957860,1071853071142141952
1200,1468957860,1317498004199256064
1209,1468957860,1344738920
1214,1468957860,1472558789698019330
1215,1468957860,1382680394349236228
1216,1468957860,3320026471
1218,1468957860,1460180698556297221
1220,1468957860,473729548
1222,1468957860,1475691974845886464
1223,1468957860,1247213980797427724
1225,1468957860,1428587673116037121
1227,1468957860,902853369332547585
1232,1468957860,1150712699505897473
1234,1468957860,1278655748768063490
1235,1468957860,1305910070782251009
1237,1468957860,1436187424506277898
1238,1468957860,746327100257271816
1239,1468957860,1248995104817324034
1241,1468957860,780439554784366592
1242,1468957860,705763745079791617
1243,1468957860,1098839084162789376
1245,1468957860,2469365941
1250,1468957860,1273713079587463173
1258,1468957860,2872401203
1264,1468957860,850556860411269121
1272,1468957860,745566943080394752
1273,1468957860,1004642350553968640
1274,1468957860,771622961153396736
1286,1246014522537603072,1382680394349236228
1287,1246014522537603072,1483029280699588608
1288,1246014522537603072,1472558789698019330
1289,1246014522537603072,883720758723092480
1290,1246014522537603072,1460180698556297221
1291,1246014522537603072,1366336069319335943
1301,771622961153396736,1344738920
1307,771622961153396736,3220242762
1308,771622961153396736,1475691974845886464
1309,771622961153396736,746327100257271816
1310,771622961153396736,1317498004199256064
1311,771622961153396736,958759926549147649
1316,771622961153396736,1071853071142141952
1318,771622961153396736,1483029280699588608
1319,771622961153396736,1472558789698019330
1320,771622961153396736,1382680394349236228
1324,771622961153396736,1098839084162789376
1333,771622961153396736,2469365941
1336,771622961153396736,1278655748768063490
1337,771622961153396736,1305910070782251009
1338,771622961153396736,902853369332547585
1340,771622961153396736,1436187424506277898
1341,771622961153396736,1248995104817324034
1342,771622961153396736,1150712699505897473
1343,771622961153396736,850556860411269121
1344,771622961153396736,1247213980797427724
1345,771622961153396736,780439554784366592
1347,771622961153396736,705763745079791617
1359,771622961153396736,1273713079587463173
1369,771622961153396736,1468957860
1370,771622961153396736,745566943080394752
1371,771622961153396736,1004642350553968640
1410,1004642350553968640,3274985820
1445,1004642350553968640,1071853071142141952
1446,1004642350553968640,1133076940842102784
1449,1004642350553968640,1483029280699588608
1452,1004642350553968640,1472558789698019330
1453,1004642350553968640,1150712699505897473
1454,1004642350553968640,2876732521
1459,1004642350553968640,1475691974845886464
1460,1004642350553968640,3221574320
1463,1004642350553968640,1357736121535397888
1467,1004642350553968640,1436187424506277898
1470,1004642350553968640,1403983669908303874
1471,1004642350553968640,1248995104817324034
1472,1004642350553968640,780439554784366592
1474,1004642350553968640,705763745079791617
1476,1004642350553968640,1247213980797427724
1477,1004642350553968640,850556860411269121
1480,1004642350553968640,725384293766291456
1492,1004642350553968640,1273713079587463173
1505,1004642350553968640,2872401203
1542,1004642350553968640,745566943080394752
1555,1004642350553968640,771622961153396736
1564,1004642350553968640,1468957860
1587,746327100257271816,1300814862130360320
1588,746327100257271816,850556860411269121
1592,746327100257271816,1497605466968723504
1593,746327100257271816,1344738920
1594,746327100257271816,1429603854
1595,746327100257271816,771622961153396736
1596,746327100257271816,1317498004199256064
1597,746327100257271816,958759926549147649
1598,746327100257271816,860040731674775552
1600,746327100257271816,3220242762
1601,746327100257271816,1247213980797427724
1602,746327100257271816,902853369332547585
1604,746327100257271816,1472558789698019330
1606,746327100257271816,831682449864286208
1607,746327100257271816,1000797725917499393
1608,746327100257271816,1305910070782251009
1613,746327100257271816,1357736121535397888
1614,746327100257271816,2838973913
1616,746327100257271816,1071853071142141952
1617,746327100257271816,802416910813933568
1618,746327100257271816,1355748483127369730
1621,746327100257271816,1468957860
1622,746327100257271816,1277835126236274688
1623,746327100257271816,1436187424506277898
1624,746327100257271816,780439554784366592
1625,746327100257271816,1273713079587463173
1627,746327100257271816,1098839084162789376
1628,746327100257271816,2469365941
1629,746327100257271816,1366336069319335943
1630,746327100257271816,1248995104817324034
1636,746327100257271816,2872401203
1638,746327100257271816,3274572859
1640,746327100257271816,705763745079791617
1644,746327100257271816,1280037324504526848
1650,746327100257271816,1150712699505897473
1666,3274985820,1004642350553968640
1667,3274985820,958759926549147649
1668,3274985820,1184475769482825728
1669,3274985820,1489178779738013698
1671,3274985820,1497605466968723504
1673,3274985820,1429603854
1674,3274985820,1305910070782251009
1675,3274985820,3274572859
1676,3274985820,1472558789698019330
1677,3274985820,1150712699505897473
1680,3274985820,1357736121535397888
1682,3274985820,1366336069319335943
1683,3274985820,1284839845861273602
1685,3274985820,2872401203
1686,3274985820,1436187424506277898
1688,3274985820,850556860411269121
1689,3274985820,705763745079791617
1690,3274985820,1273713079587463173
1692,3274985820,2469365941
1696,3274985820,1355748483127369730
1697,3274985820,1300814862130360320
1701,3274985820,1403983669908303874
1708,3274985820,725384293766291456
1713,3274985820,1242738027249586176
1720,3274985820,1280037324504526848
1728,3274985820,473729548
1729,3274985820,1253945298461708291
1732,3274985820,1000797725917499393
1737,3274985820,802416910813933568
1738,3274985820,780439554784366592
1744,3274985820,3220242762
1749,3274985820,3034153315
1765,3274985820,834992149758255104
1768,1071853071142141952,1184475769482825728
1772,1071853071142141952,1429603854
1773,1071853071142141952,1247213980797427724
1774,1071853071142141952,1287594949228150784
1776,1071853071142141952,1242738027249586176
1777,1071853071142141952,473729548
1778,1071853071142141952,1098839084162789376
1780,1071853071142141952,1497605466968723504
1781,1071853071142141952,1468957860
1783,1071853071142141952,1317498004199256064
1785,1071853071142141952,958759926549147649
1786,1071853071142141952,771622961153396736
1787,1071853071142141952,1277807884861009921
1789,1071853071142141952,1483029280699588608
1791,1071853071142141952,1249295950549401600
1793,1071853071142141952,1273713079587463173
1794,1071853071142141952,1472558789698019330
1796,1071853071142141952,2838973913
1797,1071853071142141952,1382680394349236228
1799,1071853071142141952,746327100257271816
1801,1071853071142141952,902853369332547585
1802,1071853071142141952,1280037324504526848
1804,1071853071142141952,1355748483127369730
1805,1071853071142141952,1305910070782251009
1806,1071853071142141952,1277637088842784769
1807,1071853071142141952,1366336069319335943
1808,1071853071142141952,1357736121535397888
1810,1071853071142141952,1436187424506277898
1811,1071853071142141952,850556860411269121
1813,1071853071142141952,2469365941
1814,1071853071142141952,2876732521
1815,1071853071142141952,1150712699505897473
1816,1071853071142141952,1248995104817324034
1819,1287594949228150784,958759926549147649
1820,1287594949228150784,902853369332547585
1822,1287594949228150784,1071853071142141952
1824,1287594949228150784,1150712699505897473
1825,1287594949228150784,1317498004199256064
1829,1287594949228150784,1483029280699588608
1830,1287594949228150784,883720758723092480
1831,1287594949228150784,1460180698556297221
1833,1287594949228150784,850556860411269121
1835,1287594949228150784,1436187424506277898
1837,1287594949228150784,1247213980797427724
1840,1287594949228150784,1278655748768063490
1842,1287594949228150784,1098839084162789376
1857,1192409641273065473,850556860411269121
1858,1192409641273065473,1403983669908303874
1859,1192409641273065473,1497823537679114241
1860,1192409641273065473,1150712699505897473
1861,1192409641273065473,1382680394349236228
1862,1192409641273065473,1472558789698019330
1863,1192409641273065473,1277637088842784769
1864,1192409641273065473,1428587673116037121
1865,1192409641273065473,1305910070782251009
1867,1192409641273065473,883720758723092480
1874,1192409641273065473,1277807884861009921
1880,1192409641273065473,1253945298461708291
1881,1192409641273065473,1280037324504526848
1892,473729548,1071853071142141952
1893,473729548,1497823537679114241
1895,473729548,1429603854
1897,473729548,1483029280699588608
1900,473729548,1247213980797427724
1901,473729548,705763745079791617
1902,473729548,1278655748768063490
1905,473729548,1468957860
1906,473729548,1460180698556297221
1907,473729548,1277637088842784769
1909,473729548,1471504126890557446
1910,473729548,1248995104817324034
1911,473729548,1436187424506277898
1912,473729548,2872401203
1913,473729548,2228020669
1914,473729548,745566943080394752
1916,473729548,1344738920
1917,473729548,1305910070782251009
1922,473729548,3320026471
1923,473729548,2469365941
1925,473729548,1273713079587463173
1926,473729548,850556860411269121
1928,473729548,3220242762
1932,473729548,1000797725917499393
1936,473729548,1168038336541286400
1941,473729548,2876732521
1946,473729548,1242738027249586176
1952,473729548,802416910813933568
1953,473729548,1253945298461708291
1955,473729548,3034153315
1957,473729548,3274985820
1958,473729548,780439554784366592
1959,473729548,834992149758255104
1966,1000797725917499393,2838973913
1969,1000797725917499393,1475691974845886464
1970,1000797725917499393,1150712699505897473
1971,1000797725917499393,1473893833461043203
1973,1000797725917499393,1429603854
1974,1000797725917499393,1497605466968723504
1975,1000797725917499393,1305910070782251009
1977,1000797725917499393,1489178779738013698
1978,1000797725917499393,1497823537679114241
1979,1000797725917499393,1284839845861273602
1980,1000797725917499393,1483029280699588608
1982,1000797725917499393,1472558789698019330
1985,1000797725917499393,746327100257271816
1986,1000797725917499393,1303161128873156608
2003,1000797725917499393,473729548
2011,1000797725917499393,1168038336541286400
2014,1000797725917499393,1289636412921229312
2017,1000797725917499393,725384293766291456
2019,1000797725917499393,802416910813933568
2020,1000797725917499393,1253945298461708291
2024,1000797725917499393,1242738027249586176
2030,1000797725917499393,3274985820
2033,1000797725917499393,1280037324504526848
2035,1000797725917499393,780439554784366592
2039,1000797725917499393,3034153315
2040,1000797725917499393,834992149758255104
2041,1000797725917499393,3220242762
2046,1247213980797427724,1489178779738013698
2049,1247213980797427724,1071853071142141952
2053,1247213980797427724,958759926549147649
2058,1247213980797427724,1317498004199256064
2060,1247213980797427724,1471504126890557446
2069,1247213980797427724,1483029280699588608
2075,1247213980797427724,2876732521
2083,1247213980797427724,1355748483127369730
2085,1247213980797427724,473729548
2086,1247213980797427724,1475691974845886464
2087,1247213980797427724,1344738920
2092,1247213980797427724,1403983669908303874
2093,1247213980797427724,1460180698556297221
2094,1247213980797427724,3220242762
2095,1247213980797427724,1305910070782251009
2097,1247213980797427724,725384293766291456
2099,1247213980797427724,1472558789698019330
2105,1247213980797427724,1468957860
2106,1247213980797427724,1436187424506277898
2107,1247213980797427724,2469365941
2108,1247213980797427724,1150712699505897473
2110,1247213980797427724,902853369332547585
2112,1247213980797427724,860040731674775552
2118,1247213980797427724,795674214690918400
2119,1247213980797427724,746327100257271816
2120,1247213980797427724,3221574320
2121,1247213980797427724,1287594949228150784
2123,1247213980797427724,2872401203
2131,1247213980797427724,1357736121535397888
2138,1247213980797427724,780439554784366592
2139,1247213980797427724,850556860411269121
2144,1247213980797427724,802416910813933568
2150,1247213980797427724,771622961153396736
2153,1247213980797427724,1098839084162789376
2155,1247213980797427724,705763745079791617
2156,1247213980797427724,745566943080394752
2157,1247213980797427724,1004642350553968640
2158,1247213980797427724,1273713079587463173
2166,1247213980797427724,1248995104817324034
2221,1278655748768063490,1429603854
2227,1278655748768063490,2228020669
2229,1278655748768063490,3274572859
2232,1278655748768063490,1468957860
2234,1278655748768063490,1249295950549401600
2235,1278655748768063490,1242738027249586176
2239,1278655748768063490,473729548
2240,1278655748768063490,1277637088842784769
2241,1278655748768063490,2876732521
2242,1278655748768063490,1428587673116037121
2243,1278655748768063490,1251386586383527936
2244,1278655748768063490,1460180698556297221
2245,1278655748768063490,1277835126236274688
2246,1278655748768063490,1366336069319335943
2247,1278655748768063490,1280037324504526848
2248,1278655748768063490,1472558789698019330
2251,1278655748768063490,1436187424506277898
2254,1278655748768063490,902853369332547585
2257,1278655748768063490,1273713079587463173
2258,1278655748768063490,1305910070782251009
2259,1278655748768063490,1248995104817324034
2260,1278655748768063490,1357736121535397888
2261,1278655748768063490,1287594949228150784
2265,1278655748768063490,705763745079791617
2266,1278655748768063490,2469365941
2271,1278655748768063490,771622961153396736
2274,1278655748768063490,850556860411269121
2275,1278655748768063490,780439554784366592
2277,1278655748768063490,1150712699505897473
2291,1278655748768063490,1098839084162789376
2292,1278655748768063490,834992149758255104
2346,883720758723092480,1471504126890557446
2348,883720758723092480,958759926549147649
2352,883720758723092480,1497605466968723504
2353,883720758723092480,1497823537679114241
2354,883720758723092480,1429603854
2361,883720758723092480,1287594949228150784
2362,883720758723092480,1277807884861009921
2363,883720758723092480,1472558789698019330
2365,883720758723092480,2469365941
2369,883720758723092480,1475691974845886464
2370,883720758723092480,831682449864286208
2373,883720758723092480,1246014522537603072
2374,883720758723092480,1428587673116037121
2375,883720758723092480,1305910070782251009
2376,883720758723092480,1460180698556297221
2377,883720758723092480,1382680394349236228
2378,883720758723092480,780439554784366592
2381,883720758723092480,1150712699505897473
2382,883720758723092480,1436187424506277898
2385,883720758723092480,802416910813933568
2386,883720758723092480,850556860411269121
2389,883720758723092480,1192409641273065473
2394,883720758723092480,1280037324504526848
2398,902853369332547585,1287594949228150784
2403,902853369332547585,1475691974845886464
2405,902853369332547585,1497823537679114241
2406,902853369332547585,1317498004199256064
2407,902853369332547585,958759926549147649
2411,902853369332547585,1483029280699588608
2412,902853369332547585,746327100257271816
2419,902853369332547585,745566943080394752
2420,902853369332547585,1460180698556297221
2421,902853369332547585,1280037324504526848
2422,902853369332547585,1472558789698019330
2423,902853369332547585,1247213980797427724
2427,902853369332547585,1357736121535397888
2428,902853369332547585,1098839084162789376
2429,902853369332547585,1468957860
2430,902853369332547585,1278655748768063490
2432,902853369332547585,860040731674775552
2434,902853369332547585,1242738027249586176
2435,902853369332547585,831682449864286208
2442,902853369332547585,1277637088842784769
2444,902853369332547585,1071853071142141952
2448,902853369332547585,1300814862130360320
2450,902853369332547585,3220242762
2451,902853369332547585,705763745079791617
2453,902853369332547585,771622961153396736
2459,902853369332547585,802416910813933568
2460,902853369332547585,3320026471
2461,902853369332547585,1184475769482825728
2462,902853369332547585,1150712699505897473
2463,902853369332547585,1305910070782251009
2465,902853369332547585,1248995104817324034
2466,902853369332547585,2872401203
2467,902853369332547585,1436187424506277898
2468,902853369332547585,850556860411269121
2469,902853369332547585,1344738920
2470,902853369332547585,2469365941
2472,902853369332547585,1366336069319335943
2473,902853369332547585,1273713079587463173
2490,902853369332547585,721713204980817927
2491,902853369332547585,1277807884861009921
2502,902853369332547585,2838973913
2514,902853369332547585,2876732521
2537,1473893833461043203,1382680394349236228
2538,1473893833461043203,1280037324504526848
2539,1473893833461043203,1253945298461708291
2542,1473893833461043203,1436187424506277898
2543,1473893833461043203,1497605466968723504
2544,1473893833461043203,1471504126890557446
2546,1473893833461043203,1475691974845886464
2547,1473893833461043203,1428587673116037121
2548,1473893833461043203,1150712699505897473
2549,1473893833461043203,1489178779738013698
2550,1473893833461043203,1429603854
2551,1473893833461043203,1497823537679114241
2553,1473893833461043203,1483029280699588608
2554,1473893833461043203,1472558789698019330
2556,1473893833461043203,1460180698556297221
2558,1473893833461043203,831682449864286208
2563,1473893833461043203,1351451066622119937
2568,1249295950549401600,1428587673116037121
2570,1249295950549401600,1475691974845886464
2571,1249295950549401600,1278655748768063490
2573,1249295950549401600,1436187424506277898
2574,1249295950549401600,1382680394349236228
2576,1249295950549401600,1472558789698019330
2577,1249295950549401600,780439554784366592
2580,1249295950549401600,1277835126236274688
2581,1249295950549401600,831682449864286208
2583,1249295950549401600,802416910813933568
2584,1249295950549401600,1150712699505897473
2585,1249295950549401600,850556860411269121
2586,1249295950549401600,1277637088842784769
2588,1249295950549401600,1098839084162789376
2660,705763745079791617,1477144962286243849
2668,705763745079791617,1133076940842102784
2672,705763745079791617,1497605466968723504
2674,705763745079791617,1429603854
2675,705763745079791617,1280037324504526848
2677,705763745079791617,1317498004199256064
2678,705763745079791617,958759926549147649
2679,705763745079791617,902853369332547585
2682,705763745079791617,1277807884861009921
2687,705763745079791617,1483029280699588608
2688,705763745079791617,1184475769482825728
2697,705763745079791617,883720758723092480
2700,705763745079791617,1344738920
2702,705763745079791617,1287594949228150784
2705,705763745079791617,745566943080394752
2706,705763745079791617,1460180698556297221
2708,705763745079791617,1475691974845886464
2709,705763745079791617,1382680394349236228
2711,705763745079791617,1249295950549401600
2714,705763745079791617,1428587673116037121
2715,705763745079791617,1351451066622119937
2717,705763745079791617,831682449864286208
2719,705763745079791617,1472558789698019330
2726,705763745079791617,3221574320
2729,705763745079791617,1277637088842784769
2730,705763745079791617,1251386586383527936
2731,705763745079791617,1357736121535397888
2734,705763745079791617,795674214690918400
2742,705763745079791617,860040731674775552
2743,705763745079791617,1278655748768063490
2745,705763745079791617,1284839845861273602
2746,705763745079791617,2838973913
2748,705763745079791617,2876732521
2749,705763745079791617,3220242762
2751,705763745079791617,1071853071142141952
2754,705763745079791617,473729548
2755,705763745079791617,802416910813933568
2758,705763745079791617,1305910070782251009
2764,705763745079791617,834992149758255104
2765,705763745079791617,1248995104817324034
2767,705763745079791617,1277835126236274688
2771,705763745079791617,1436187424506277898
2772,705763745079791617,780439554784366592
2775,705763745079791617,3274985820
2776,705763745079791617,1366336069319335943
2777,705763745079791617,1300814862130360320
2778,705763745079791617,771622961153396736
2779,705763745079791617,1004642350553968640
2780,705763745079791617,1468957860
2782,705763745079791617,2469365941
2783,705763745079791617,850556860411269121
2785,705763745079791617,1098839084162789376
2786,705763745079791617,1247213980797427724
2787,705763745079791617,725384293766291456
2789,705763745079791617,1355748483127369730
2790,705763745079791617,3034153315
2794,705763745079791617,1273713079587463173
2796,705763745079791617,1403983669908303874
2797,705763745079791617,2872401203
2799,705763745079791617,746327100257271816
2800,705763745079791617,1150712699505897473
2811,1382680394349236228,1473893833461043203
2812,1382680394349236228,958759926549147649
2813,1382680394349236228,1497823537679114241
2815,1382680394349236228,795674214690918400
2816,1382680394349236228,746327100257271816
2820,1382680394349236228,1357736121535397888
2822,1382680394349236228,1246014522537603072
2823,1382680394349236228,1483029280699588608
2825,1382680394349236228,3320026471
2826,1382680394349236228,850556860411269121
2828,1382680394349236228,1468957860
2830,1382680394349236228,1192409641273065473
2833,1382680394349236228,1424433180753371139
2834,1382680394349236228,1355748483127369730
2836,1382680394349236228,771622961153396736
2837,1382680394349236228,1071853071142141952
2838,1382680394349236228,1248995104817324034
2840,1382680394349236228,831682449864286208
2841,1382680394349236228,1098839084162789376
2843,1382680394349236228,1249295950549401600
2844,1382680394349236228,705763745079791617
2845,1382680394349236228,1436187424506277898
2846,1382680394349236228,1472558789698019330
2847,1382680394349236228,3034153315
2848,1382680394349236228,1475691974845886464
2853,1382680394349236228,1428587673116037121
2854,1382680394349236228,1366336069319335943
2855,1382680394349236228,1150712699505897473
2856,1382680394349236228,802416910813933568
2857,1382680394349236228,1460180698556297221
2859,1460180698556297221,958759926549147649
2861,1460180698556297221,1429603854
2863,1460180698556297221,1497605466968723504
2866,1460180698556297221,1497823537679114241
2867,1460180698556297221,1277637088842784769
2871,1460180698556297221,1483029280699588608
2874,1460180698556297221,1428587673116037121
2876,1460180698556297221,3220242762
2880,1460180698556297221,1273713079587463173
2881,1460180698556297221,1424433180753371139
2883,1460180698556297221,1287594949228150784
2885,1460180698556297221,1242738027249586176
2887,1460180698556297221,902853369332547585
2888,1460180698556297221,1475691974845886464
2889,1460180698556297221,1468957860
2891,1460180698556297221,705763745079791617
2892,1460180698556297221,1247213980797427724
2894,1460180698556297221,473729548
2895,1460180698556297221,1278655748768063490
2898,1460180698556297221,780439554784366592
2899,1460180698556297221,1098839084162789376
2900,1460180698556297221,1472558789698019330
2902,1460180698556297221,1150712699505897473
2903,1460180698556297221,1473893833461043203
2904,1460180698556297221,860040731674775552
2906,1460180698556297221,1305910070782251009
2909,1460180698556297221,1436187424506277898
2910,1460180698556297221,1248995104817324034
2911,1460180698556297221,1357736121535397888
2912,1460180698556297221,1355748483127369730
2913,1460180698556297221,3034153315
2914,1460180698556297221,1344738920
2915,1460180698556297221,1382680394349236228
2916,1460180698556297221,802416910813933568
2917,1460180698556297221,1366336069319335943
2919,1460180698556297221,850556860411269121
2922,1460180698556297221,1246014522537603072
2923,1460180698556297221,883720758723092480
2925,1475691974845886464,1273713079587463173
2926,1475691974845886464,1473893833461043203
2927,1475691974845886464,746327100257271816
2928,1475691974845886464,1280037324504526848
2931,1475691974845886464,1071853071142141952
2932,1475691974845886464,1242738027249586176
2935,1475691974845886464,795674214690918400
2936,1475691974845886464,850556860411269121
2937,1475691974845886464,1133076940842102784
2938,1475691974845886464,2872401203
2939,1475691974845886464,902853369332547585
2940,1475691974845886464,2469365941
2941,1475691974845886464,771622961153396736
2942,1475691974845886464,958759926549147649
2943,1475691974845886464,3034153315
2944,1475691974845886464,1284839845861273602
2945,1475691974845886464,1497605466968723504
2946,1475691974845886464,1497823537679114241
2948,1475691974845886464,1429603854
2949,1475691974845886464,1344738920
2950,1475691974845886464,2838973913
2952,1475691974845886464,1483029280699588608
2953,1475691974845886464,1471504126890557446
2954,1475691974845886464,1403983669908303874
2957,1475691974845886464,1150712699505897473
2959,1475691974845886464,1249295950549401600
2960,1475691974845886464,3274572859
2961,1475691974845886464,745566943080394752
2964,1475691974845886464,1196316777279393792
2965,1475691974845886464,1247213980797427724
2966,1475691974845886464,1460180698556297221
2967,1475691974845886464,1098839084162789376
2968,1475691974845886464,1168038336541286400
2969,1475691974845886464,1468957860
2970,1475691974845886464,705763745079791617
2971,1475691974845886464,1382680394349236228
2972,1475691974845886464,1303161128873156608
2974,1475691974845886464,1004642350553968640
2975,1475691974845886464,883720758723092480
2976,1475691974845886464,1251386586383527936
2978,1475691974845886464,802416910813933568
2979,1475691974845886464,725384293766291456
2980,1475691974845886464,1305910070782251009
2981,1475691974845886464,780439554784366592
2982,1475691974845886464,1472558789698019330
2983,1475691974845886464,860040731674775552
2984,1475691974845886464,1428587673116037121
2985,1475691974845886464,1436187424506277898
2986,3034153315,1473893833461043203
2989,3034153315,1477144962286243849
2994,3034153315,1489178779738013698
2998,3034153315,1497605466968723504
3000,3034153315,1497823537679114241
3001,3034153315,1429603854
3002,3034153315,1317498004199256064
3003,3034153315,958759926549147649
3007,3034153315,1471504126890557446
3008,3034153315,1351451066622119937
3009,3034153315,1475691974845886464
3013,3034153315,860040731674775552
3014,3034153315,1382680394349236228
3015,3034153315,831682449864286208
3021,3034153315,795674214690918400
3022,3034153315,1472558789698019330
3026,3034153315,1460180698556297221
3027,3034153315,1428587673116037121
3028,3034153315,1249343092957655042
3032,3034153315,3221574320
3034,3034153315,1287594949228150784
3035,3034153315,1098839084162789376
3036,3034153315,1357736121535397888
3037,3034153315,1248995104817324034
3041,3034153315,2838973913
3043,3034153315,1284839845861273602
3046,3034153315,2228020669
3047,3034153315,1303161128873156608
3048,3034153315,1071853071142141952
3050,3034153315,1305910070782251009
3056,3034153315,1184475769482825728
3063,3034153315,1436187424506277898
3065,3034153315,1150712699505897473
3066,3034153315,746327100257271816
3068,3034153315,705763745079791617
3070,3034153315,1273713079587463173
3071,3034153315,2469365941
3074,3034153315,1168038336541286400
3080,3034153315,1300814862130360320
3081,3034153315,1355748483127369730
3083,3034153315,2872401203
3086,3034153315,1403983669908303874
3097,3034153315,850556860411269121
3106,3034153315,725384293766291456
3112,3034153315,1242738027249586176
3119,3034153315,1280037324504526848
3126,3034153315,473729548
3129,3034153315,1253945298461708291
3132,3034153315,3220242762
3139,3034153315,1000797725917499393
3142,3034153315,802416910813933568
3144,3034153315,780439554784366592
3160,3034153315,3274985820
3161,3034153315,834992149758255104
3175,1351451066622119937,958759926549147649
3176,1351451066622119937,1497605466968723504
3177,1351451066622119937,1133076940842102784
3178,1351451066622119937,1497823537679114241
3179,1351451066622119937,1429603854
3183,1351451066622119937,1473893833461043203
3184,1351451066622119937,1150712699505897473
3185,1351451066622119937,831682449864286208
3186,1351451066622119937,1305910070782251009
3187,1351451066622119937,1472558789698019330
3188,1351451066622119937,1382680394349236228
3189,1351451066622119937,1249295950549401600
3190,1351451066622119937,780439554784366592
3191,1351451066622119937,1287594949228150784
3192,1351451066622119937,1436187424506277898
3193,1351451066622119937,705763745079791617
3194,1351451066622119937,1428587673116037121
3195,1351451066622119937,850556860411269121
3196,1351451066622119937,1357736121535397888
3198,1351451066622119937,725384293766291456
3202,1351451066622119937,795674214690918400
3203,1351451066622119937,2228020669
3205,1351451066622119937,802416910813933568
3207,1351451066622119937,1248995104817324034
3215,3220242762,1184475769482825728
3223,3220242762,1317498004199256064
3224,3220242762,1251386586383527936
3233,3220242762,1468957860
3235,3220242762,1273713079587463173
3236,3220242762,771622961153396736
3241,3220242762,1429603854
3242,3220242762,1497605466968723504
3245,3220242762,1344738920
3251,3220242762,958759926549147649
3259,3220242762,1483029280699588608
3261,3220242762,1489178779738013698
3265,3220242762,746327100257271816
3268,3220242762,1460180698556297221
3302,3220242762,1247213980797427724
3323,3220242762,1277835126236274688
3324,3220242762,1472558789698019330
3329,3220242762,2469365941
3338,3220242762,1300814862130360320
3344,3220242762,2872401203
3345,3220242762,860040731674775552
3346,3220242762,3320026471
3347,3220242762,1284839845861273602
3357,3220242762,1436187424506277898
3372,3220242762,902853369332547585
3375,3220242762,1150712699505897473
3376,3220242762,745566943080394752
3390,3220242762,705763745079791617
3403,3220242762,1305910070782251009
3442,3220242762,850556860411269121
3458,3220242762,473729548
3460,3220242762,1403983669908303874
3473,3220242762,1280037324504526848
3478,3220242762,725384293766291456
3488,3220242762,802416910813933568
3498,3220242762,780439554784366592
3509,3220242762,1000797725917499393
3510,3220242762,1242738027249586176
3522,3220242762,3274985820
3525,3220242762,834992149758255104
3529,3220242762,3034153315
3559,1357736121535397888,1317498004199256064
3562,1357736121535397888,1497605466968723504
3564,1357736121535397888,1429603854
3565,1357736121535397888,958759926549147649
3567,1357736121535397888,1483029280699588608
3568,1357736121535397888,802416910813933568
3569,1357736121535397888,1428587673116037121
3574,1357736121535397888,721713204980817927
3575,1357736121535397888,902853369332547585
3577,1357736121535397888,1472558789698019330
3580,1357736121535397888,1460180698556297221
3581,1357736121535397888,1278655748768063490
3582,1357736121535397888,1284839845861273602
3583,1357736121535397888,1277807884861009921
3584,1357736121535397888,3274572859
3588,1357736121535397888,1277637088842784769
3589,1357736121535397888,3034153315
3590,1357736121535397888,746327100257271816
3591,1357736121535397888,1098839084162789376
3593,1357736121535397888,850556860411269121
3594,1357736121535397888,1071853071142141952
3596,1357736121535397888,780439554784366592
3597,1357736121535397888,1280037324504526848
3598,1357736121535397888,1436187424506277898
3599,1357736121535397888,1247213980797427724
3601,1357736121535397888,1344738920
3602,1357736121535397888,1351451066622119937
3603,1357736121535397888,1305910070782251009
3604,1357736121535397888,1150712699505897473
3605,1357736121535397888,2469365941
3606,1357736121535397888,705763745079791617
3610,1357736121535397888,1277835126236274688
3611,1357736121535397888,1366336069319335943
3612,1357736121535397888,1273713079587463173
3613,1357736121535397888,1355748483127369730
3614,1357736121535397888,1248995104817324034
3625,1150712699505897473,1473893833461043203
3642,1150712699505897473,2876732521
3646,1150712699505897473,1242738027249586176
3650,1150712699505897473,1249343092957655042
3654,1150712699505897473,834992149758255104
3662,1150712699505897473,1284839845861273602
3663,1150712699505897473,1497605466968723504
3664,1150712699505897473,1429603854
3665,1150712699505897473,1317498004199256064
3666,1150712699505897473,958759926549147649
3672,1150712699505897473,1303161128873156608
3673,1150712699505897473,1483029280699588608
3675,1150712699505897473,1192409641273065473
3682,1150712699505897473,1475691974845886464
3687,1150712699505897473,1428587673116037121
3688,1150712699505897473,802416910813933568
3690,1150712699505897473,1280037324504526848
3691,1150712699505897473,1351451066622119937
3692,1150712699505897473,3274985820
3693,1150712699505897473,3274572859
3696,1150712699505897473,1287594949228150784
3697,1150712699505897473,1004642350553968640
3702,1150712699505897473,745566943080394752
3704,1150712699505897473,1247213980797427724
3710,1150712699505897473,860040731674775552
3711,1150712699505897473,1300814862130360320
3712,1150712699505897473,831682449864286208
3715,1150712699505897473,795674214690918400
3716,1150712699505897473,1249295950549401600
3718,1150712699505897473,1472558789698019330
3719,1150712699505897473,771622961153396736
3720,1150712699505897473,1460180698556297221
3721,1150712699505897473,883720758723092480
3722,1150712699505897473,1382680394349236228
3726,1150712699505897473,1471504126890557446
3727,1150712699505897473,3034153315
3728,1150712699505897473,3320026471
3729,1150712699505897473,1277807884861009921
3733,1150712699505897473,1277637088842784769
3738,1150712699505897473,1357736121535397888
3744,1150712699505897473,1468957860
3751,1150712699505897473,2838973913
3753,1150712699505897473,3220242762
3757,1150712699505897473,1305910070782251009
3758,1150712699505897473,1344738920
3761,1150712699505897473,1071853071142141952
3763,1150712699505897473,1184475769482825728
3765,1150712699505897473,1403983669908303874
3767,1150712699505897473,902853369332547585
3770,1150712699505897473,1277835126236274688
3771,1150712699505897473,725384293766291456
3772,1150712699505897473,1436187424506277898
3778,1150712699505897473,780439554784366592
3779,1150712699505897473,1098839084162789376
3780,1150712699505897473,1273713079587463173
3782,1150712699505897473,850556860411269121
3783,1150712699505897473,2469365941
3785,1150712699505897473,1366336069319335943
3797,1150712699505897473,1355748483127369730
3802,1150712699505897473,2872401203
3824,1150712699505897473,705763745079791617
3849,1150712699505897473,1248995104817324034
3858,1150712699505897473,746327100257271816
3864,725384293766291456,1473893833461043203
3865,725384293766291456,958759926549147649
3868,725384293766291456,1133076940842102784
3869,725384293766291456,1497605466968723504
3870,725384293766291456,1497823537679114241
3872,725384293766291456,1429603854
3873,725384293766291456,1317498004199256064
3874,725384293766291456,1403983669908303874
3877,725384293766291456,3320026471
3878,725384293766291456,745566943080394752
3879,725384293766291456,1196316777279393792
3880,725384293766291456,1382680394349236228
3882,725384293766291456,1247213980797427724
3883,725384293766291456,1475691974845886464
3885,725384293766291456,1303161128873156608
3886,725384293766291456,1472558789698019330
3889,725384293766291456,746327100257271816
3895,725384293766291456,1071853071142141952
3896,725384293766291456,1251386586383527936
3897,725384293766291456,1284839845861273602
3898,725384293766291456,2838973913
3901,725384293766291456,473729548
3902,725384293766291456,1305910070782251009
3903,725384293766291456,1300814862130360320
3904,725384293766291456,860040731674775552
3905,725384293766291456,1366336069319335943
3906,725384293766291456,1436187424506277898
3908,725384293766291456,1004642350553968640
3909,725384293766291456,1150712699505897473
3912,725384293766291456,1428587673116037121
3913,725384293766291456,1098839084162789376
3914,725384293766291456,705763745079791617
3917,725384293766291456,2469365941
3919,725384293766291456,1273713079587463173
3923,725384293766291456,1355748483127369730
3928,725384293766291456,2872401203
3933,725384293766291456,1000797725917499393
3941,725384293766291456,3220242762
3943,725384293766291456,1248995104817324034
3949,725384293766291456,3274985820
3951,725384293766291456,834992149758255104
3953,725384293766291456,850556860411269121
3955,725384293766291456,3034153315
3958,725384293766291456,3274572859
3961,725384293766291456,780439554784366592
3964,725384293766291456,1242738027249586176
3966,725384293766291456,2876732521
3969,725384293766291456,1253945298461708291
3970,725384293766291456,1280037324504526848
3972,725384293766291456,802416910813933568
3976,1355748483127369730,1477144962286243849
3977,1355748483127369730,958759926549147649
3980,1355748483127369730,1468957860
3983,1355748483127369730,3034153315
3984,1355748483127369730,1429603854
3985,1355748483127369730,1133076940842102784
3986,1355748483127369730,1497823537679114241
3988,1355748483127369730,1497605466968723504
3989,1355748483127369730,1247213980797427724
3991,1355748483127369730,1483029280699588608
3994,1355748483127369730,1382680394349236228
3997,1355748483127369730,795674214690918400
3999,1355748483127369730,1472558789698019330
4002,1355748483127369730,1460180698556297221
4004,1355748483127369730,3221574320
4008,1355748483127369730,883720758723092480
4009,1355748483127369730,1357736121535397888
4011,1355748483127369730,2838973913
4012,1355748483127369730,1071853071142141952
4015,1355748483127369730,1305910070782251009
4016,1355748483127369730,746327100257271816
4018,1355748483127369730,705763745079791617
4019,1355748483127369730,3274572859
4021,1355748483127369730,2228020669
4022,1355748483127369730,2872401203
4024,1355748483127369730,1277835126236274688
4025,1355748483127369730,1436187424506277898
4027,1355748483127369730,802416910813933568
4028,1355748483127369730,1366336069319335943
4029,1355748483127369730,1344738920
4030,1355748483127369730,1273713079587463173
4031,1355748483127369730,1280037324504526848
4033,1355748483127369730,1428587673116037121
4034,1355748483127369730,1098839084162789376
4035,1355748483127369730,2469365941
4039,1355748483127369730,1248995104817324034
4043,1355748483127369730,850556860411269121
4044,1355748483127369730,1277637088842784769
4045,1355748483127369730,3274985820
4046,1355748483127369730,1300814862130360320
4049,1355748483127369730,1150712699505897473
4050,1355748483127369730,780439554784366592
4061,1355748483127369730,725384293766291456
4062,850556860411269121,746327100257271816
4066,850556860411269121,1475691974845886464
4067,850556860411269121,3034153315
4069,850556860411269121,1497605466968723504
4072,850556860411269121,1192409641273065473
4073,850556860411269121,1429603854
4074,850556860411269121,1497823537679114241
4075,850556860411269121,1317498004199256064
4076,850556860411269121,958759926549147649
4079,850556860411269121,1483029280699588608
4082,850556860411269121,1382680394349236228
4086,850556860411269121,1287594949228150784
4089,850556860411269121,3320026471
4094,850556860411269121,2228020669
4096,850556860411269121,1277637088842784769
4099,850556860411269121,1472558789698019330
4100,850556860411269121,1249295950549401600
4101,850556860411269121,1471504126890557446
4104,850556860411269121,795674214690918400
4105,850556860411269121,1428587673116037121
4106,850556860411269121,3221574320
4108,850556860411269121,1460180698556297221
4109,850556860411269121,1357736121535397888
4110,850556860411269121,1351451066622119937
4111,850556860411269121,1284839845861273602
4113,850556860411269121,1071853071142141952
4115,850556860411269121,860040731674775552
4128,850556860411269121,1247213980797427724
4129,850556860411269121,1344738920
4131,850556860411269121,1277835126236274688
4133,850556860411269121,1305910070782251009
4137,850556860411269121,473729548
4139,850556860411269121,1278655748768063490
4142,850556860411269121,1242738027249586176
4144,850556860411269121,2872401203
4145,850556860411269121,1436187424506277898
4146,850556860411269121,902853369332547585
4147,850556860411269121,2838973913
4148,850556860411269121,2876732521
4151,850556860411269121,771622961153396736
4156,850556860411269121,3274985820
4161,850556860411269121,705763745079791617
4163,850556860411269121,831682449864286208
4164,850556860411269121,3220242762
4165,850556860411269121,745566943080394752
4166,850556860411269121,834992149758255104
4167,850556860411269121,1150712699505897473
4171,850556860411269121,1273713079587463173
4172,850556860411269121,2469365941
4174,850556860411269121,1366336069319335943
4176,850556860411269121,1004642350553968640
4180,850556860411269121,1098839084162789376
4182,850556860411269121,1248995104817324034
4183,850556860411269121,883720758723092480
4184,850556860411269121,1355748483127369730
4198,850556860411269121,725384293766291456
4200,850556860411269121,1468957860
4201,850556860411269121,780439554784366592
4208,850556860411269121,802416910813933568
4209,850556860411269121,1280037324504526848
4227,1303161128873156608,958759926549147649
4228,1303161128873156608,1436187424506277898
4230,1303161128873156608,1489178779738013698
4232,1303161128873156608,1150712699505897473
4236,1303161128873156608,1382680394349236228
4237,1303161128873156608,1475691974845886464
4239,1303161128873156608,860040731674775552
4240,1303161128873156608,725384293766291456
4241,1303161128873156608,1248995104817324034
4242,1303161128873156608,1472558789698019330
4243,1303161128873156608,1305910070782251009
4245,1303161128873156608,1000797725917499393
4246,1303161128873156608,1428587673116037121
4247,1303161128873156608,780439554784366592
4274,1303161128873156608,721713204980817927
4283,1303161128873156608,1168038336541286400
4284,1303161128873156608,1289636412921229312
4291,1273713079587463173,3220242762
4293,1273713079587463173,1317498004199256064
4295,1273713079587463173,958759926549147649
4299,1273713079587463173,1483029280699588608
4302,1273713079587463173,1471504126890557446
4303,1273713079587463173,1428587673116037121
4305,1273713079587463173,1460180698556297221
4309,1273713079587463173,1472558789698019330
4312,1273713079587463173,1278655748768063490
4314,1273713079587463173,1344738920
4316,1273713079587463173,1071853071142141952
4323,1273713079587463173,1305910070782251009
4330,1273713079587463173,1277835126236274688
4331,1273713079587463173,473729548
4336,1273713079587463173,1436187424506277898
4337,1273713079587463173,1300814862130360320
4339,1273713079587463173,802416910813933568
4342,1273713079587463173,1251386586383527936
4345,1273713079587463173,2469365941
4348,1273713079587463173,780439554784366592
4350,1273713079587463173,1357736121535397888
4351,1273713079587463173,902853369332547585
4353,1273713079587463173,1150712699505897473
4355,1273713079587463173,834992149758255104
4360,1273713079587463173,2876732521
4364,1273713079587463173,746327100257271816
4365,1273713079587463173,1355748483127369730
4366,1273713079587463173,1403983669908303874
4368,1273713079587463173,850556860411269121
4369,1273713079587463173,1248995104817324034
4370,1273713079587463173,1247213980797427724
4371,1273713079587463173,1098839084162789376
4373,1273713079587463173,3034153315
4374,1273713079587463173,3274985820
4378,1273713079587463173,745566943080394752
4389,1273713079587463173,705763745079791617
4409,1273713079587463173,771622961153396736
4417,1273713079587463173,1468957860
4419,1273713079587463173,2872401203
4421,1273713079587463173,1004642350553968640
4430,1273713079587463173,725384293766291456
4469,1280037324504526848,1473893833461043203
4470,1280037324504526848,1475691974845886464
4471,1280037324504526848,1344738920
4472,1280037324504526848,1317498004199256064
4475,1280037324504526848,958759926549147649
4480,1280037324504526848,1468957860
4483,1280037324504526848,1497605466968723504
4484,1280037324504526848,1284839845861273602
4486,1280037324504526848,1497823537679114241
4487,1280037324504526848,1429603854
4488,1280037324504526848,705763745079791617
4492,1280037324504526848,1483029280699588608
4493,1280037324504526848,1489178779738013698
4498,1280037324504526848,1278655748768063490
4500,1280037324504526848,902853369332547585
4501,1280037324504526848,1168038336541286400
4503,1280037324504526848,1305910070782251009
4505,1280037324504526848,860040731674775552
4511,1280037324504526848,1472558789698019330
4513,1280037324504526848,1382680394349236228
4514,1280037324504526848,1471504126890557446
4515,1280037324504526848,1436187424506277898
4516,1280037324504526848,3221574320
4519,1280037324504526848,1150712699505897473
4521,1280037324504526848,1357736121535397888
4522,1280037324504526848,2838973913
4524,1280037324504526848,1071853071142141952
4526,1280037324504526848,3320026471
4528,1280037324504526848,1273713079587463173
4530,1280037324504526848,2872401203
4531,1280037324504526848,1428587673116037121
4538,1280037324504526848,1300814862130360320
4551,1280037324504526848,3220242762
4554,1280037324504526848,883720758723092480
4557,1280037324504526848,1242738027249586176
4561,1280037324504526848,1277807884861009921
4570,1280037324504526848,850556860411269121
4572,1280037324504526848,780439554784366592
4574,1280037324504526848,746327100257271816
4575,1280037324504526848,834992149758255104
4576,1280037324504526848,2876732521
4577,1280037324504526848,1192409641273065473
4579,1280037324504526848,725384293766291456
4585,1280037324504526848,3274985820
4588,1280037324504526848,3034153315
4590,1280037324504526848,802416910813933568
4595,1280037324504526848,1000797725917499393
4597,1280037324504526848,1253945298461708291
4601,1248995104817324034,1497823537679114241
4604,1248995104817324034,1284839845861273602
4606,1248995104817324034,1133076940842102784
4607,1248995104817324034,1497605466968723504
4608,1248995104817324034,1429603854
4609,1248995104817324034,1317498004199256064
4611,1248995104817324034,958759926549147649
4615,1248995104817324034,1428587673116037121
4616,1248995104817324034,1382680394349236228
4618,1248995104817324034,831682449864286208
4620,1248995104817324034,3274572859
4621,1248995104817324034,1472558789698019330
4624,1248995104817324034,1460180698556297221
4626,1248995104817324034,1278655748768063490
4632,1248995104817324034,473729548
4633,1248995104817324034,1251386586383527936
4640,1248995104817324034,1071853071142141952
4642,1248995104817324034,2838973913
4648,1248995104817324034,834992149758255104
4649,1248995104817324034,2876732521
4656,1248995104817324034,1305910070782251009
4657,1248995104817324034,705763745079791617
4658,1248995104817324034,795674214690918400
4660,1248995104817324034,2228020669
4663,1248995104817324034,902853369332547585
4664,1248995104817324034,1403983669908303874
4665,1248995104817324034,2872401203
4666,1248995104817324034,1468957860
4671,1248995104817324034,771622961153396736
4672,1248995104817324034,1004642350553968640
4673,1248995104817324034,1277807884861009921
4675,1248995104817324034,1344738920
4676,1248995104817324034,1436187424506277898
4679,1248995104817324034,1351451066622119937
4683,1248995104817324034,1277835126236274688
4685,1248995104817324034,746327100257271816
4686,1248995104817324034,1273713079587463173
4687,1248995104817324034,2469365941
4689,1248995104817324034,1366336069319335943
4691,1248995104817324034,1098839084162789376
4692,1248995104817324034,1247213980797427724
4693,1248995104817324034,1355748483127369730
4696,1248995104817324034,850556860411269121
4705,1248995104817324034,1277637088842784769
4706,1248995104817324034,1357736121535397888
4714,1248995104817324034,780439554784366592
4717,1248995104817324034,725384293766291456
4724,1248995104817324034,721713204980817927
4729,1248995104817324034,1150712699505897473
4731,1248995104817324034,802416910813933568
4740,802416910813933568,958759926549147649
4746,802416910813933568,1429603854
4747,802416910813933568,1497605466968723504
4749,802416910813933568,1497823537679114241
4755,802416910813933568,1344738920
4759,802416910813933568,1475691974845886464
4762,802416910813933568,860040731674775552
4763,802416910813933568,1249295950549401600
4765,802416910813933568,1472558789698019330
4769,802416910813933568,1471504126890557446
4770,802416910813933568,795674214690918400
4771,802416910813933568,1071853071142141952
4772,802416910813933568,1382680394349236228
4773,802416910813933568,3221574320
4776,802416910813933568,1251386586383527936
4777,802416910813933568,1357736121535397888
4778,802416910813933568,1460180698556297221
4783,802416910813933568,746327100257271816
4784,802416910813933568,1305910070782251009
4786,802416910813933568,1351451066622119937
4787,802416910813933568,705763745079791617
4788,802416910813933568,902853369332547585
4789,802416910813933568,1247213980797427724
4790,802416910813933568,1436187424506277898
4793,802416910813933568,1300814862130360320
4794,802416910813933568,2872401203
4795,802416910813933568,1273713079587463173
4796,802416910813933568,2469365941
4799,802416910813933568,1366336069319335943
4800,802416910813933568,831682449864286208
4801,802416910813933568,1150712699505897473
4802,802416910813933568,1098839084162789376
4803,802416910813933568,1428587673116037121
4807,802416910813933568,883720758723092480
4808,802416910813933568,850556860411269121
4811,802416910813933568,1355748483127369730
4812,802416910813933568,1000797725917499393
4834,802416910813933568,1168038336541286400
4839,802416910813933568,3220242762
4841,802416910813933568,780439554784366592
4842,802416910813933568,2876732521
4851,802416910813933568,725384293766291456
4854,802416910813933568,1242738027249586176
4858,802416910813933568,1280037324504526848
4862,802416910813933568,1248995104817324034
4869,802416910813933568,473729548
4871,802416910813933568,1253945298461708291
4875,802416910813933568,3034153315
4877,802416910813933568,3274985820
4880,802416910813933568,834992149758255104
4918,1428587673116037121,2469365941
4919,1428587673116037121,1473893833461043203
4922,1428587673116037121,1429603854
4923,1428587673116037121,1497605466968723504
4924,1428587673116037121,1133076940842102784
4925,1428587673116037121,1489178779738013698
4926,1428587673116037121,958759926549147649
4928,1428587673116037121,1497823537679114241
4932,1428587673116037121,1483029280699588608
4933,1428587673116037121,1403983669908303874
4934,1428587673116037121,1344738920
4935,1428587673116037121,1273713079587463173
4937,1428587673116037121,1278655748768063490
4938,1428587673116037121,1248995104817324034
4939,1428587673116037121,1475691974845886464
4940,1428587673116037121,3221574320
4941,1428587673116037121,1249295950549401600
4942,1428587673116037121,1150712699505897473
4943,1428587673116037121,1468957860
4944,1428587673116037121,860040731674775552
4945,1428587673116037121,831682449864286208
4946,1428587673116037121,1303161128873156608
4947,1428587673116037121,1472558789698019330
4949,1428587673116037121,1471504126890557446
4950,1428587673116037121,1382680394349236228
4952,1428587673116037121,1460180698556297221
4953,1428587673116037121,705763745079791617
4954,1428587673116037121,3034153315
4955,1428587673116037121,1277835126236274688
4956,1428587673116037121,1192409641273065473
4958,1428587673116037121,1366336069319335943
4960,1428587673116037121,1351451066622119937
4961,1428587673116037121,850556860411269121
4962,1428587673116037121,883720758723092480
4965,1428587673116037121,1357736121535397888
4966,1428587673116037121,1284839845861273602
4968,1428587673116037121,1305910070782251009
4969,1428587673116037121,1436187424506277898
4971,1428587673116037121,1277637088842784769
4972,1428587673116037121,725384293766291456
4977,1428587673116037121,1280037324504526848
4978,1428587673116037121,1355748483127369730
4980,1428587673116037121,802416910813933568
4981,1428587673116037121,3274572859
4983,721713204980817927,1344738920
4986,721713204980817927,1436187424506277898
4987,721713204980817927,1305910070782251009
4988,721713204980817927,1357736121535397888
4989,721713204980817927,1472558789698019330
4993,721713204980817927,3320026471
4996,721713204980817927,2469365941
4999,721713204980817927,1366336069319335943
5005,721713204980817927,902853369332547585
5006,721713204980817927,1277807884861009921
5012,721713204980817927,1248995104817324034
5016,721713204980817927,1303161128873156608
5020,721713204980817927,1289636412921229312
5024,721713204980817927,1168038336541286400
5032,1277637088842784769,2872401203
5033,1277637088842784769,1284839845861273602
5035,1277637088842784769,1460180698556297221
5036,1277637088842784769,1429603854
5037,1277637088842784769,831682449864286208
5046,1277637088842784769,1278655748768063490
5047,1277637088842784769,473729548
5049,1277637088842784769,850556860411269121
5051,1277637088842784769,795674214690918400
5053,1277637088842784769,780439554784366592
5054,1277637088842784769,1472558789698019330
5055,1277637088842784769,1436187424506277898
5056,1277637088842784769,1192409641273065473
5058,1277637088842784769,1098839084162789376
5061,1277637088842784769,1249295950549401600
5066,1277637088842784769,902853369332547585
5067,1277637088842784769,705763745079791617
5068,1277637088842784769,1150712699505897473
5071,1277637088842784769,1305910070782251009
5072,1277637088842784769,3274572859
5073,1277637088842784769,1071853071142141952
5074,1277637088842784769,2469365941
5079,1277637088842784769,1277835126236274688
5081,1277637088842784769,1366336069319335943
5082,1277637088842784769,1428587673116037121
5083,1277637088842784769,1355748483127369730
5085,1277637088842784769,1248995104817324034
5086,1277637088842784769,1357736121535397888
5088,2469365941,1428587673116037121
5089,2469365941,1287594949228150784
5099,2469365941,1477144962286243849
5101,2469365941,1133076940842102784
5103,2469365941,1475691974845886464
5104,2469365941,1497605466968723504
5105,2469365941,1497823537679114241
5106,2469365941,1429603854
5107,2469365941,1317498004199256064
5109,2469365941,745566943080394752
5111,2469365941,958759926549147649
5116,2469365941,1483029280699588608
5117,2469365941,1382680394349236228
5119,2469365941,1460180698556297221
5122,2469365941,1247213980797427724
5126,2469365941,883720758723092480
5129,2469365941,795674214690918400
5131,2469365941,1472558789698019330
5134,2469365941,834992149758255104
5135,2469365941,2876732521
5136,2469365941,1471504126890557446
5137,2469365941,1242738027249586176
5138,2469365941,831682449864286208
5139,2469365941,3220242762
5140,2469365941,3274572859
5141,2469365941,1277807884861009921
5145,2469365941,3221574320
5146,2469365941,1277637088842784769
5147,2469365941,860040731674775552
5150,2469365941,1357736121535397888
5153,2469365941,771622961153396736
5154,2469365941,1278655748768063490
5155,2469365941,1284839845861273602
5156,2469365941,2838973913
5157,2469365941,1098839084162789376
5158,2469365941,1071853071142141952
5159,2469365941,721713204980817927
5161,2469365941,1168038336541286400
5162,2469365941,473729548
5163,2469365941,3320026471
5165,2469365941,1305910070782251009
5166,2469365941,1184475769482825728
5171,2469365941,1277835126236274688
5172,2469365941,802416910813933568
5174,2469365941,1436187424506277898
5175,2469365941,902853369332547585
5178,2469365941,1273713079587463173
5179,2469365941,705763745079791617
5182,2469365941,1150712699505897473
5183,2469365941,746327100257271816
5184,2469365941,850556860411269121
5185,2469365941,1366336069319335943
5187,2469365941,780439554784366592
5188,2469365941,1403983669908303874
5189,2469365941,3034153315
5190,2469365941,1248995104817324034
5191,2469365941,3274985820
5192,2469365941,1344738920
5193,2469365941,725384293766291456
5194,2469365941,1300814862130360320
5195,2469365941,2872401203
5196,2469365941,1468957860
5198,2469365941,1355748483127369730
5201,2469365941,1251386586383527936
5230,1366336069319335943,1477144962286243849
5231,1366336069319335943,958759926549147649
5235,1366336069319335943,1497823537679114241
5238,1366336069319335943,1278655748768063490
5239,1366336069319335943,1428587673116037121
5242,1366336069319335943,3221574320
5244,1366336069319335943,1472558789698019330
5245,1366336069319335943,1471504126890557446
5246,1366336069319335943,3274985820
5247,1366336069319335943,1242738027249586176
5248,1366336069319335943,1382680394349236228
5250,1366336069319335943,1460180698556297221
5255,1366336069319335943,1351451066622119937
5256,1366336069319335943,1305910070782251009
5260,1366336069319335943,1403983669908303874
5261,1366336069319335943,1246014522537603072
5265,1366336069319335943,2838973913
5266,1366336069319335943,1071853071142141952
5268,1366336069319335943,721713204980817927
5274,1366336069319335943,795674214690918400
5276,1366336069319335943,1357736121535397888
5280,1366336069319335943,2228020669
5283,1366336069319335943,2872401203
5284,1366336069319335943,1436187424506277898
5286,1366336069319335943,705763745079791617
5287,1366336069319335943,1277807884861009921
5288,1366336069319335943,1277637088842784769
5290,1366336069319335943,3320026471
5292,1366336069319335943,902853369332547585
5300,1366336069319335943,1355748483127369730
5301,1366336069319335943,802416910813933568
5302,1366336069319335943,1344738920
5304,1366336069319335943,746327100257271816
5305,1366336069319335943,1150712699505897473
5306,1366336069319335943,2469365941
5307,1366336069319335943,850556860411269121
5308,1366336069319335943,1248995104817324034
5316,1366336069319335943,1277835126236274688
5320,1098839084162789376,1251386586383527936
5327,1098839084162789376,1071853071142141952
5331,1098839084162789376,1497823537679114241
5332,1098839084162789376,1429603854
5334,1098839084162789376,958759926549147649
5335,1098839084162789376,1317498004199256064
5339,1098839084162789376,1483029280699588608
5349,1098839084162789376,1475691974845886464
5350,1098839084162789376,1305910070782251009
5352,1098839084162789376,1382680394349236228
5354,1098839084162789376,1460180698556297221
5360,1098839084162789376,2876732521
5366,1098839084162789376,795674214690918400
5368,1098839084162789376,1472558789698019330
5370,1098839084162789376,902853369332547585
5372,1098839084162789376,771622961153396736
5373,1098839084162789376,860040731674775552
5375,1098839084162789376,1277637088842784769
5383,1098839084162789376,1249295950549401600
5385,1098839084162789376,3221574320
5386,1098839084162789376,1424433180753371139
5387,1098839084162789376,1287594949228150784
5388,1098839084162789376,3034153315
5390,1098839084162789376,1357736121535397888
5391,1098839084162789376,1300814862130360320
5392,1098839084162789376,2872401203
5393,1098839084162789376,2469365941
5394,1098839084162789376,1403983669908303874
5403,1098839084162789376,1344738920
5404,1098839084162789376,1436187424506277898
5410,1098839084162789376,1150712699505897473
5418,1098839084162789376,745566943080394752
5422,1098839084162789376,1468957860
5423,1098839084162789376,746327100257271816
5427,1098839084162789376,802416910813933568
5428,1098839084162789376,1247213980797427724
5431,1098839084162789376,705763745079791617
5433,1098839084162789376,780439554784366592
5434,1098839084162789376,725384293766291456
5435,1098839084162789376,1273713079587463173
5442,1098839084162789376,850556860411269121
5444,1098839084162789376,1355748483127369730
5445,1098839084162789376,1248995104817324034
5446,1098839084162789376,1278655748768063490
5494,780439554784366592,1477144962286243849
5495,780439554784366592,958759926549147649
5501,780439554784366592,2838973913
5504,780439554784366592,1133076940842102784
5506,780439554784366592,1497605466968723504
5507,780439554784366592,1429603854
5508,780439554784366592,1317498004199256064
5510,780439554784366592,1277807884861009921
5513,780439554784366592,1483029280699588608
5514,780439554784366592,1184475769482825728
5517,780439554784366592,1471504126890557446
5521,780439554784366592,1460180698556297221
5523,780439554784366592,1251386586383527936
5524,780439554784366592,1249295950549401600
5525,780439554784366592,1475691974845886464
5527,780439554784366592,1472558789698019330
5529,780439554784366592,1277637088842784769
5532,780439554784366592,1284839845861273602
5533,780439554784366592,1357736121535397888
5535,780439554784366592,1071853071142141952
5537,780439554784366592,883720758723092480
5541,780439554784366592,1247213980797427724
5542,780439554784366592,1305910070782251009
5546,780439554784366592,3274572859
5547,780439554784366592,1277835126236274688
5548,780439554784366592,2872401203
5550,780439554784366592,1303161128873156608
5551,780439554784366592,860040731674775552
5552,780439554784366592,1278655748768063490
5556,780439554784366592,1436187424506277898
5560,780439554784366592,1004642350553968640
5562,780439554784366592,771622961153396736
5564,780439554784366592,1468957860
5565,780439554784366592,745566943080394752
5566,780439554784366592,1273713079587463173
5567,780439554784366592,746327100257271816
5569,780439554784366592,1150712699505897473
5571,780439554784366592,705763745079791617
5572,780439554784366592,1098839084162789376
5573,780439554784366592,2469365941
5578,780439554784366592,1300814862130360320
5579,780439554784366592,1355748483127369730
5581,780439554784366592,1403983669908303874
5596,780439554784366592,850556860411269121
5608,780439554784366592,1248995104817324034
5617,780439554784366592,1280037324504526848
5620,780439554784366592,1168038336541286400
5621,780439554784366592,725384293766291456
5623,780439554784366592,802416910813933568
5624,780439554784366592,2876732521
5630,780439554784366592,3220242762
5631,780439554784366592,1242738027249586176
5636,780439554784366592,1000797725917499393
5640,780439554784366592,473729548
5642,780439554784366592,1253945298461708291
5652,780439554784366592,3034153315
5654,780439554784366592,3274985820
5656,780439554784366592,834992149758255104
5663,860040731674775552,2876732521
5666,860040731674775552,1249343092957655042
5671,860040731674775552,1497823537679114241
5672,860040731674775552,1133076940842102784
5676,860040731674775552,1497605466968723504
5677,860040731674775552,1196316777279393792
5678,860040731674775552,1429603854
5679,860040731674775552,958759926549147649
5680,860040731674775552,1317498004199256064
5681,860040731674775552,746327100257271816
5690,860040731674775552,883720758723092480
5724,860040731674775552,745566943080394752
5726,860040731674775552,3034153315
5728,860040731674775552,1303161128873156608
5729,860040731674775552,1475691974845886464
5730,860040731674775552,1251386586383527936
5731,860040731674775552,1071853071142141952
5732,860040731674775552,1280037324504526848
5733,860040731674775552,1247213980797427724
5737,860040731674775552,802416910813933568
5741,860040731674775552,1460180698556297221
5744,860040731674775552,1428587673116037121
5746,860040731674775552,1472558789698019330
5750,860040731674775552,902853369332547585
5751,860040731674775552,1098839084162789376
5752,860040731674775552,3274572859
5753,860040731674775552,3221574320
5761,860040731674775552,2469365941
5768,860040731674775552,1150712699505897473
5769,860040731674775552,1284839845861273602
5775,860040731674775552,1344738920
5776,860040731674775552,705763745079791617
5777,860040731674775552,2872401203
5778,860040731674775552,3220242762
5780,860040731674775552,850556860411269121
5784,860040731674775552,1403983669908303874
5796,860040731674775552,1305910070782251009
5798,860040731674775552,780439554784366592
5799,860040731674775552,1436187424506277898
5800,860040731674775552,725384293766291456
5824,1289636412921229312,1436187424506277898
5825,1289636412921229312,1489178779738013698
5826,1289636412921229312,1497823537679114241
5833,1289636412921229312,1472558789698019330
5836,1289636412921229312,1253945298461708291
5868,1289636412921229312,1000797725917499393
5896,1289636412921229312,1303161128873156608
5912,1289636412921229312,721713204980817927
5926,1289636412921229312,1168038336541286400
5932,1305910070782251009,1287594949228150784
5933,1305910070782251009,1497823537679114241
5934,1305910070782251009,1477144962286243849
5939,1305910070782251009,1429603854
5941,1305910070782251009,1133076940842102784
5942,1305910070782251009,1000797725917499393
5943,1305910070782251009,958759926549147649
5945,1305910070782251009,1497605466968723504
5948,1305910070782251009,1317498004199256064
5949,1305910070782251009,3274985820
5950,1305910070782251009,1483029280699588608
5953,1305910070782251009,1247213980797427724
5954,1305910070782251009,1098839084162789376
5955,1305910070782251009,1280037324504526848
5956,1305910070782251009,1475691974845886464
5957,1305910070782251009,721713204980817927
5961,1305910070782251009,1460180698556297221
5963,1305910070782251009,831682449864286208
5964,1305910070782251009,745566943080394752
5965,1305910070782251009,795674214690918400
5966,1305910070782251009,1242738027249586176
5967,1305910070782251009,1471504126890557446
5968,1305910070782251009,1472558789698019330
5969,1305910070782251009,746327100257271816
5973,1305910070782251009,1278655748768063490
5974,1305910070782251009,1192409641273065473
5976,1305910070782251009,1071853071142141952
5978,1305910070782251009,883720758723092480
5979,1305910070782251009,1303161128873156608
5982,1305910070782251009,3221574320
5984,1305910070782251009,1277637088842784769
5986,1305910070782251009,1366336069319335943
5991,1305910070782251009,1357736121535397888
5996,1305910070782251009,2838973913
5997,1305910070782251009,3320026471
6000,1305910070782251009,1273713079587463173
6001,1305910070782251009,1468957860
6002,1305910070782251009,3274572859
6003,1305910070782251009,2872401203
6004,1305910070782251009,3034153315
6005,1305910070782251009,771622961153396736
6006,1305910070782251009,1150712699505897473
6007,1305910070782251009,860040731674775552
6008,1305910070782251009,1344738920
6010,1305910070782251009,1428587673116037121
6011,1305910070782251009,3220242762
6012,1305910070782251009,473729548
6014,1305910070782251009,834992149758255104
6015,1305910070782251009,705763745079791617
6016,1305910070782251009,1355748483127369730
6017,1305910070782251009,1284839845861273602
6018,1305910070782251009,1300814862130360320
6019,1305910070782251009,802416910813933568
6021,1305910070782251009,2469365941
6022,1305910070782251009,1251386586383527936
6023,1305910070782251009,780439554784366592
6024,1305910070782251009,1403983669908303874
6025,1305910070782251009,850556860411269121
6026,1305910070782251009,725384293766291456
6029,1305910070782251009,902853369332547585
6030,1305910070782251009,1248995104817324034
6031,1305910070782251009,1436187424506277898
6033,1471504126890557446,1473893833461043203
6035,1471504126890557446,883720758723092480
6036,1471504126890557446,1249295950549401600
6037,1471504126890557446,2838973913
6038,1471504126890557446,1253945298461708291
6039,1471504126890557446,1477144962286243849
6043,1471504126890557446,795674214690918400
6045,1471504126890557446,1133076940842102784
6047,1471504126890557446,1497605466968723504
6048,1471504126890557446,1497823537679114241
6049,1471504126890557446,1429603854
6051,1471504126890557446,1247213980797427724
6052,1471504126890557446,958759926549147649
6062,1471504126890557446,1475691974845886464
6065,1471504126890557446,780439554784366592
6066,1471504126890557446,1184475769482825728
6068,1471504126890557446,1277835126236274688
6069,1471504126890557446,802416910813933568
6070,1471504126890557446,1355748483127369730
6071,1471504126890557446,1428587673116037121
6074,1471504126890557446,1242738027249586176
6075,1471504126890557446,1248995104817324034
6076,1471504126890557446,1472558789698019330
6077,1471504126890557446,1366336069319335943
6079,1471504126890557446,1305910070782251009
6080,1471504126890557446,1382680394349236228
6082,1471504126890557446,1436187424506277898
6084,1471504126890557446,850556860411269121
6086,1471504126890557446,1280037324504526848
6089,1471504126890557446,1150712699505897473
6090,1471504126890557446,3320026471
6091,1471504126890557446,834992149758255104
6092,1471504126890557446,2876732521
6094,1471504126890557446,473729548
6095,1471504126890557446,831682449864286208
6096,1471504126890557446,2469365941
6098,1168038336541286400,1497605466968723504
6099,1168038336541286400,1497823537679114241
6100,1168038336541286400,1429603854
6102,1168038336541286400,1475691974845886464
6103,1168038336541286400,1280037324504526848
6104,1168038336541286400,1472558789698019330
6108,1168038336541286400,2469365941
6111,1168038336541286400,3034153315
6123,1168038336541286400,473729548
6124,1168038336541286400,1000797725917499393
6127,1168038336541286400,834992149758255104
6129,1168038336541286400,802416910813933568
6133,1168038336541286400,848901692091506688
6135,1168038336541286400,1253945298461708291
6137,1168038336541286400,1303161128873156608
6141,1168038336541286400,1289636412921229312
6144,1168038336541286400,780439554784366592
6145,1168038336541286400,721713204980817927
6166,3274572859,958759926549147649
6167,3274572859,1278655748768063490
6168,3274572859,1497823537679114241
6171,3274572859,3274985820
6172,3274572859,1475691974845886464
6173,3274572859,1150712699505897473
6174,3274572859,1248995104817324034
6175,3274572859,1472558789698019330
6177,3274572859,860040731674775552
6178,3274572859,2469365941
6179,3274572859,1357736121535397888
6182,3274572859,1251386586383527936
6183,3274572859,1277637088842784769
6184,3274572859,1403983669908303874
6186,3274572859,1284839845861273602
6187,3274572859,1305910070782251009
6188,3274572859,1355748483127369730
6189,3274572859,780439554784366592
6190,3274572859,1436187424506277898
6191,3274572859,1428587673116037121
6201,3274572859,746327100257271816
6205,3274572859,725384293766291456
6230,1403983669908303874,1497823537679114241
6233,1403983669908303874,1133076940842102784
6234,1403983669908303874,1497605466968723504
6235,1403983669908303874,1192409641273065473
6236,1403983669908303874,1429603854
6237,1403983669908303874,1317498004199256064
6238,1403983669908303874,958759926549147649
6241,1403983669908303874,1475691974845886464
6244,1403983669908303874,1247213980797427724
6247,1403983669908303874,1249295950549401600
6248,1403983669908303874,1472558789698019330
6249,1403983669908303874,1428587673116037121
6252,1403983669908303874,3274572859
6257,1403983669908303874,1251386586383527936
6259,1403983669908303874,1242738027249586176
6266,1403983669908303874,1366336069319335943
6268,1403983669908303874,1284839845861273602
6269,1403983669908303874,2838973913
6270,1403983669908303874,860040731674775552
6272,1403983669908303874,1098839084162789376
6277,1403983669908303874,1071853071142141952
6279,1403983669908303874,1305910070782251009
6282,1403983669908303874,1300814862130360320
6283,1403983669908303874,1004642350553968640
6284,1403983669908303874,1436187424506277898
6287,1403983669908303874,1273713079587463173
6290,1403983669908303874,746327100257271816
6291,1403983669908303874,1248995104817324034
6292,1403983669908303874,1150712699505897473
6293,1403983669908303874,834992149758255104
6294,1403983669908303874,2469365941
6297,1403983669908303874,2872401203
6299,1403983669908303874,725384293766291456
6300,1403983669908303874,3034153315
6301,1403983669908303874,3274985820
6303,1403983669908303874,780439554784366592
6306,1403983669908303874,705763745079791617
6314,1403983669908303874,3220242762
6317,1436187424506277898,1473893833461043203
6319,1436187424506277898,1477144962286243849
6324,1436187424506277898,1196316777279393792
6326,1436187424506277898,2838973913
6328,1436187424506277898,1355748483127369730
6329,1436187424506277898,1098839084162789376
6330,1436187424506277898,1133076940842102784
6331,1436187424506277898,1497605466968723504
6333,1436187424506277898,1497823537679114241
6334,1436187424506277898,1429603854
6336,1436187424506277898,1317498004199256064
6337,1436187424506277898,1344738920
6339,1436187424506277898,958759926549147649
6340,1436187424506277898,1483029280699588608
6341,1436187424506277898,721713204980817927
6344,1436187424506277898,1287594949228150784
6345,1436187424506277898,1242738027249586176
6347,1436187424506277898,1247213980797427724
6349,1436187424506277898,1475691974845886464
6352,1436187424506277898,1278655748768063490
6355,1436187424506277898,795674214690918400
6356,1436187424506277898,1351451066622119937
6358,1436187424506277898,1277637088842784769
6359,1436187424506277898,1472558789698019330
6360,1436187424506277898,1460180698556297221
6361,1436187424506277898,1382680394349236228
6362,1436187424506277898,883720758723092480
6363,1436187424506277898,1471504126890557446
6365,1436187424506277898,745566943080394752
6366,1436187424506277898,1249343092957655042
6369,1436187424506277898,3221574320
6374,1436187424506277898,1357736121535397888
6376,1436187424506277898,473729548
6377,1436187424506277898,2876732521
6378,1436187424506277898,1071853071142141952
6379,1436187424506277898,3220242762
6381,1436187424506277898,834992149758255104
6382,1436187424506277898,802416910813933568
6384,1436187424506277898,902853369332547585
6386,1436187424506277898,1150712699505897473
6389,1436187424506277898,2469365941
6390,1436187424506277898,746327100257271816
6391,1436187424506277898,1366336069319335943
6392,1436187424506277898,1284839845861273602
6393,1436187424506277898,1251386586383527936
6397,1436187424506277898,1468957860
6399,1436187424506277898,705763745079791617
6400,1436187424506277898,3274572859
6401,1436187424506277898,1305910070782251009
6403,1436187424506277898,2872401203
6404,1436187424506277898,1273713079587463173
6405,1436187424506277898,1277835126236274688
6406,1436187424506277898,850556860411269121
6407,1436187424506277898,780439554784366592
6408,1436187424506277898,860040731674775552
6409,1436187424506277898,3034153315
6411,1436187424506277898,1248995104817324034
6412,1436187424506277898,1428587673116037121